,algorithm,circ_num_gates,circ_q_count,circuit,clifford_count,depth,non_clifford,overall_gate_count,time_diff[s],two_qubit_count
0,default,50.0,3.0,rebase/qubits/i_0_num_qubits_3,63.0,46.0,13.0,76.0,-4.76837158203125e-07,10.0
1,tket,50.0,3.0,rebase/qubits/i_0_num_qubits_3,46.0,32.0,7.0,53.0,-0.050771474838256836,6.0
2,qiskit,50.0,3.0,rebase/qubits/i_0_num_qubits_3,61.0,44.0,13.0,74.0,-0.016360998153686523,8.0
3,tpar,50.0,3.0,rebase/qubits/i_0_num_qubits_3,55.0,38.0,7.0,62.0,-0.06913113594055176,20.0
4,voqc,50.0,3.0,rebase/qubits/i_0_num_qubits_3,76.0,55.0,7.0,83.0,-0.17132234573364258,8.0
5,qfast,50.0,3.0,rebase/qubits/i_0_num_qubits_3,33.0,37.0,24.0,57.0,-1.8178157806396484,9.0
6,pyzx,50.0,3.0,rebase/qubits/i_0_num_qubits_3,52.0,47.0,7.0,59.0,-0.05813479423522949,12.0
7,default,50.0,3.0,rebase/qubits/i_1_num_qubits_3,65.0,45.0,13.0,78.0,-7.152557373046875e-07,11.0
8,tket,50.0,3.0,rebase/qubits/i_1_num_qubits_3,26.0,18.0,5.0,31.0,-0.049147844314575195,4.0
9,qiskit,50.0,3.0,rebase/qubits/i_1_num_qubits_3,63.0,37.0,13.0,76.0,-0.018133878707885742,9.0
10,tpar,50.0,3.0,rebase/qubits/i_1_num_qubits_3,54.0,38.0,5.0,59.0,-0.0688631534576416,15.0
11,voqc,50.0,3.0,rebase/qubits/i_1_num_qubits_3,78.0,50.0,5.0,83.0,-0.17308259010314941,9.0
12,qfast,50.0,3.0,rebase/qubits/i_1_num_qubits_3,26.0,32.0,17.0,43.0,-0.44181346893310547,7.0
13,pyzx,50.0,3.0,rebase/qubits/i_1_num_qubits_3,40.0,31.0,5.0,45.0,-0.05799436569213867,7.0
14,default,50.0,3.0,rebase/qubits/i_2_num_qubits_3,62.0,41.0,14.0,76.0,-4.76837158203125e-07,10.0
15,tket,50.0,3.0,rebase/qubits/i_2_num_qubits_3,36.0,26.0,10.0,46.0,-0.05132555961608887,5.0
16,qiskit,50.0,3.0,rebase/qubits/i_2_num_qubits_3,60.0,41.0,14.0,74.0,-0.01795220375061035,8.0
17,tpar,50.0,3.0,rebase/qubits/i_2_num_qubits_3,81.0,65.0,10.0,91.0,-0.07805514335632324,40.0
18,voqc,50.0,3.0,rebase/qubits/i_2_num_qubits_3,73.0,47.0,10.0,83.0,-0.17162680625915527,8.0
19,qfast,50.0,3.0,rebase/qubits/i_2_num_qubits_3,27.0,27.0,18.0,45.0,-0.7545890808105469,7.0
20,pyzx,50.0,3.0,rebase/qubits/i_2_num_qubits_3,56.0,47.0,10.0,66.0,-0.06434512138366699,13.0
21,default,50.0,3.0,rebase/qubits/i_3_num_qubits_3,62.0,46.0,12.0,74.0,-4.76837158203125e-07,17.0
22,tket,50.0,3.0,rebase/qubits/i_3_num_qubits_3,60.0,35.0,8.0,68.0,-0.056900739669799805,10.0
23,qiskit,50.0,3.0,rebase/qubits/i_3_num_qubits_3,62.0,46.0,12.0,74.0,-0.020383119583129883,17.0
24,tpar,50.0,3.0,rebase/qubits/i_3_num_qubits_3,64.0,47.0,8.0,72.0,-0.07358098030090332,26.0
25,voqc,50.0,3.0,rebase/qubits/i_3_num_qubits_3,91.0,58.0,8.0,99.0,-0.18087196350097656,17.0
26,qfast,50.0,3.0,rebase/qubits/i_3_num_qubits_3,24.0,27.0,20.0,44.0,-0.398362398147583,7.0
27,pyzx,50.0,3.0,rebase/qubits/i_3_num_qubits_3,64.0,46.0,8.0,72.0,-0.06613397598266602,16.0
28,default,50.0,3.0,rebase/qubits/i_4_num_qubits_3,64.0,39.0,12.0,76.0,-4.76837158203125e-07,13.0
29,tket,50.0,3.0,rebase/qubits/i_4_num_qubits_3,37.0,24.0,8.0,45.0,-0.050565242767333984,5.0
30,qiskit,50.0,3.0,rebase/qubits/i_4_num_qubits_3,58.0,37.0,12.0,70.0,-0.017499923706054688,7.0
31,tpar,50.0,3.0,rebase/qubits/i_4_num_qubits_3,57.0,44.0,8.0,65.0,-0.0708930492401123,20.0
32,voqc,50.0,3.0,rebase/qubits/i_4_num_qubits_3,68.0,43.0,8.0,76.0,-0.17064118385314941,7.0
33,qfast,50.0,3.0,rebase/qubits/i_4_num_qubits_3,28.0,27.0,17.0,45.0,-0.4003865718841553,7.0
34,pyzx,50.0,3.0,rebase/qubits/i_4_num_qubits_3,34.0,30.0,8.0,42.0,-0.05951714515686035,10.0
35,default,50.0,3.0,rebase/qubits/i_5_num_qubits_3,58.0,49.0,12.0,70.0,-4.76837158203125e-07,19.0
36,tket,50.0,3.0,rebase/qubits/i_5_num_qubits_3,58.0,41.0,10.0,68.0,-0.05509495735168457,10.0
37,qiskit,50.0,3.0,rebase/qubits/i_5_num_qubits_3,56.0,47.0,12.0,68.0,-0.020955324172973633,17.0
38,tpar,50.0,3.0,rebase/qubits/i_5_num_qubits_3,70.0,64.0,8.0,78.0,-0.07584285736083984,33.0
39,voqc,50.0,3.0,rebase/qubits/i_5_num_qubits_3,65.0,48.0,8.0,73.0,-0.1758723258972168,15.0
40,qfast,50.0,3.0,rebase/qubits/i_5_num_qubits_3,34.0,31.0,15.0,49.0,-1.170705795288086,8.0
41,pyzx,50.0,3.0,rebase/qubits/i_5_num_qubits_3,50.0,40.0,8.0,58.0,-0.0667576789855957,12.0
42,default,50.0,3.0,rebase/qubits/i_6_num_qubits_3,64.0,42.0,12.0,76.0,-4.76837158203125e-07,8.0
43,tket,50.0,3.0,rebase/qubits/i_6_num_qubits_3,48.0,31.0,6.0,54.0,-0.051412105560302734,7.0
44,qiskit,50.0,3.0,rebase/qubits/i_6_num_qubits_3,64.0,42.0,12.0,76.0,-0.018617630004882812,8.0
45,tpar,50.0,3.0,rebase/qubits/i_6_num_qubits_3,56.0,37.0,4.0,60.0,-0.06882333755493164,8.0
46,voqc,50.0,3.0,rebase/qubits/i_6_num_qubits_3,71.0,47.0,4.0,75.0,-0.17100906372070312,8.0
47,qfast,50.0,3.0,rebase/qubits/i_6_num_qubits_3,22.0,25.0,16.0,38.0,-0.4348142147064209,6.0
48,pyzx,50.0,3.0,rebase/qubits/i_6_num_qubits_3,46.0,32.0,4.0,50.0,-0.06200408935546875,12.0
49,default,50.0,3.0,rebase/qubits/i_7_num_qubits_3,61.0,44.0,11.0,72.0,-7.152557373046875e-07,14.0
50,tket,50.0,3.0,rebase/qubits/i_7_num_qubits_3,32.0,21.0,3.0,35.0,-0.05088686943054199,5.0
51,qiskit,50.0,3.0,rebase/qubits/i_7_num_qubits_3,59.0,44.0,11.0,70.0,-0.01609969139099121,12.0
52,tpar,50.0,3.0,rebase/qubits/i_7_num_qubits_3,64.0,45.0,3.0,67.0,-0.0696260929107666,23.0
53,voqc,50.0,3.0,rebase/qubits/i_7_num_qubits_3,55.0,43.0,3.0,58.0,-0.16681551933288574,10.0
54,qfast,50.0,3.0,rebase/qubits/i_7_num_qubits_3,20.0,22.0,12.0,32.0,-0.34157299995422363,5.0
55,pyzx,50.0,3.0,rebase/qubits/i_7_num_qubits_3,34.0,20.0,3.0,37.0,-0.05850696563720703,10.0
56,default,50.0,3.0,rebase/qubits/i_8_num_qubits_3,56.0,38.0,16.0,72.0,-4.76837158203125e-07,10.0
57,tket,50.0,3.0,rebase/qubits/i_8_num_qubits_3,51.0,36.0,8.0,59.0,-0.052465200424194336,9.0
58,qiskit,50.0,3.0,rebase/qubits/i_8_num_qubits_3,56.0,38.0,16.0,72.0,-0.017014503479003906,10.0
59,tpar,50.0,3.0,rebase/qubits/i_8_num_qubits_3,61.0,41.0,6.0,67.0,-0.07048702239990234,20.0
60,voqc,50.0,3.0,rebase/qubits/i_8_num_qubits_3,68.0,44.0,6.0,74.0,-0.1734170913696289,10.0
61,qfast,50.0,3.0,rebase/qubits/i_8_num_qubits_3,26.0,30.0,19.0,45.0,-1.1335594654083252,7.0
62,pyzx,50.0,3.0,rebase/qubits/i_8_num_qubits_3,39.0,35.0,6.0,45.0,-0.061475515365600586,10.0
63,default,50.0,3.0,rebase/qubits/i_9_num_qubits_3,75.0,49.0,5.0,80.0,-7.152557373046875e-07,15.0
64,tket,50.0,3.0,rebase/qubits/i_9_num_qubits_3,36.0,21.0,3.0,39.0,-0.053847312927246094,6.0
65,qiskit,50.0,3.0,rebase/qubits/i_9_num_qubits_3,73.0,49.0,5.0,78.0,-0.01885080337524414,13.0
66,tpar,50.0,3.0,rebase/qubits/i_9_num_qubits_3,70.0,47.0,3.0,73.0,-0.07341170310974121,26.0
67,voqc,50.0,3.0,rebase/qubits/i_9_num_qubits_3,82.0,62.0,3.0,85.0,-0.17344093322753906,13.0
68,qfast,50.0,3.0,rebase/qubits/i_9_num_qubits_3,26.0,26.0,16.0,42.0,-0.40013980865478516,7.0
69,pyzx,50.0,3.0,rebase/qubits/i_9_num_qubits_3,40.0,27.0,3.0,43.0,-0.059571266174316406,10.0
70,default,50.0,3.0,rebase/qubits/i_10_num_qubits_3,66.0,38.0,14.0,80.0,-9.5367431640625e-07,7.0
71,tket,50.0,3.0,rebase/qubits/i_10_num_qubits_3,41.0,21.0,4.0,45.0,-0.05117177963256836,5.0
72,qiskit,50.0,3.0,rebase/qubits/i_10_num_qubits_3,66.0,38.0,14.0,80.0,-0.016692399978637695,7.0
73,tpar,50.0,3.0,rebase/qubits/i_10_num_qubits_3,55.0,35.0,4.0,59.0,-0.06752610206604004,13.0
74,voqc,50.0,3.0,rebase/qubits/i_10_num_qubits_3,97.0,49.0,4.0,101.0,-0.17294764518737793,7.0
75,qfast,50.0,3.0,rebase/qubits/i_10_num_qubits_3,29.0,31.0,19.0,48.0,-0.9266023635864258,8.0
76,pyzx,50.0,3.0,rebase/qubits/i_10_num_qubits_3,35.0,19.0,4.0,39.0,-0.055443525314331055,7.0
77,default,50.0,3.0,rebase/qubits/i_11_num_qubits_3,55.0,38.0,17.0,72.0,-4.76837158203125e-07,10.0
78,tket,50.0,3.0,rebase/qubits/i_11_num_qubits_3,40.0,23.0,7.0,47.0,-0.04937148094177246,5.0
79,qiskit,50.0,3.0,rebase/qubits/i_11_num_qubits_3,53.0,33.0,17.0,70.0,-0.016974687576293945,8.0
80,tpar,50.0,3.0,rebase/qubits/i_11_num_qubits_3,46.0,32.0,7.0,53.0,-0.06668615341186523,12.0
81,voqc,50.0,3.0,rebase/qubits/i_11_num_qubits_3,74.0,44.0,7.0,81.0,-0.1708369255065918,8.0
82,qfast,50.0,3.0,rebase/qubits/i_11_num_qubits_3,26.0,29.0,18.0,44.0,-0.6385641098022461,7.0
83,pyzx,50.0,3.0,rebase/qubits/i_11_num_qubits_3,59.0,40.0,7.0,66.0,-0.06447052955627441,16.0
84,default,50.0,3.0,rebase/qubits/i_12_num_qubits_3,57.0,39.0,15.0,72.0,-7.152557373046875e-07,14.0
85,tket,50.0,3.0,rebase/qubits/i_12_num_qubits_3,33.0,21.0,7.0,40.0,-0.052145957946777344,7.0
86,qiskit,50.0,3.0,rebase/qubits/i_12_num_qubits_3,55.0,37.0,15.0,70.0,-0.018136024475097656,12.0
87,tpar,50.0,3.0,rebase/qubits/i_12_num_qubits_3,57.0,44.0,7.0,64.0,-0.07193779945373535,23.0
88,voqc,50.0,3.0,rebase/qubits/i_12_num_qubits_3,77.0,53.0,7.0,84.0,-0.17604970932006836,10.0
89,qfast,50.0,3.0,rebase/qubits/i_12_num_qubits_3,25.0,24.0,17.0,42.0,-0.9771149158477783,7.0
90,pyzx,50.0,3.0,rebase/qubits/i_12_num_qubits_3,44.0,32.0,7.0,51.0,-0.058905601501464844,11.0
91,default,50.0,3.0,rebase/qubits/i_13_num_qubits_3,71.0,51.0,9.0,80.0,-4.76837158203125e-07,16.0
92,tket,50.0,3.0,rebase/qubits/i_13_num_qubits_3,41.0,32.0,13.0,54.0,-0.05537891387939453,9.0
93,qiskit,50.0,3.0,rebase/qubits/i_13_num_qubits_3,69.0,49.0,9.0,78.0,-0.020522594451904297,14.0
94,tpar,50.0,3.0,rebase/qubits/i_13_num_qubits_3,77.0,57.0,9.0,86.0,-0.07695484161376953,34.0
95,voqc,50.0,3.0,rebase/qubits/i_13_num_qubits_3,92.0,67.0,9.0,101.0,-0.1790909767150879,14.0
96,qfast,50.0,3.0,rebase/qubits/i_13_num_qubits_3,25.0,27.0,19.0,44.0,-1.041325569152832,7.0
97,pyzx,50.0,3.0,rebase/qubits/i_13_num_qubits_3,58.0,45.0,9.0,67.0,-0.06334567070007324,13.0
98,default,50.0,3.0,rebase/qubits/i_14_num_qubits_3,52.0,44.0,14.0,66.0,-7.152557373046875e-07,15.0
99,tket,50.0,3.0,rebase/qubits/i_14_num_qubits_3,43.0,31.0,6.0,49.0,-0.05398106575012207,9.0
100,qiskit,50.0,3.0,rebase/qubits/i_14_num_qubits_3,50.0,42.0,14.0,64.0,-0.017301082611083984,13.0
101,tpar,50.0,3.0,rebase/qubits/i_14_num_qubits_3,52.0,43.0,6.0,58.0,-0.0700836181640625,26.0
102,voqc,50.0,3.0,rebase/qubits/i_14_num_qubits_3,60.0,47.0,6.0,66.0,-0.17250537872314453,13.0
103,qfast,50.0,3.0,rebase/qubits/i_14_num_qubits_3,34.0,32.0,16.0,50.0,-1.065429925918579,8.0
104,pyzx,50.0,3.0,rebase/qubits/i_14_num_qubits_3,59.0,45.0,6.0,65.0,-0.05915212631225586,16.0
105,default,50.0,3.0,rebase/qubits/i_15_num_qubits_3,60.0,46.0,12.0,72.0,-4.76837158203125e-07,16.0
106,tket,50.0,3.0,rebase/qubits/i_15_num_qubits_3,35.0,28.0,6.0,41.0,-0.054038047790527344,7.0
107,qiskit,50.0,3.0,rebase/qubits/i_15_num_qubits_3,58.0,46.0,12.0,70.0,-0.017485857009887695,14.0
108,tpar,50.0,3.0,rebase/qubits/i_15_num_qubits_3,42.0,39.0,6.0,48.0,-0.0679922103881836,22.0
109,voqc,50.0,3.0,rebase/qubits/i_15_num_qubits_3,56.0,44.0,6.0,62.0,-0.17212200164794922,14.0
110,qfast,50.0,3.0,rebase/qubits/i_15_num_qubits_3,28.0,29.0,15.0,43.0,-0.30626344680786133,7.0
111,pyzx,50.0,3.0,rebase/qubits/i_15_num_qubits_3,54.0,41.0,6.0,60.0,-0.06141352653503418,13.0
112,default,50.0,3.0,rebase/qubits/i_16_num_qubits_3,66.0,47.0,12.0,78.0,-7.152557373046875e-07,11.0
113,tket,50.0,3.0,rebase/qubits/i_16_num_qubits_3,39.0,36.0,8.0,47.0,-0.051741600036621094,9.0
114,qiskit,50.0,3.0,rebase/qubits/i_16_num_qubits_3,66.0,47.0,12.0,78.0,-0.019188404083251953,11.0
115,tpar,50.0,3.0,rebase/qubits/i_16_num_qubits_3,84.0,70.0,8.0,92.0,-0.07894635200500488,43.0
116,voqc,50.0,3.0,rebase/qubits/i_16_num_qubits_3,98.0,73.0,8.0,106.0,-0.17774677276611328,11.0
117,qfast,50.0,3.0,rebase/qubits/i_16_num_qubits_3,29.0,38.0,22.0,51.0,-0.9791011810302734,8.0
118,pyzx,50.0,3.0,rebase/qubits/i_16_num_qubits_3,55.0,43.0,8.0,63.0,-0.0661921501159668,15.0
119,default,50.0,3.0,rebase/qubits/i_17_num_qubits_3,64.0,46.0,10.0,74.0,-7.152557373046875e-07,15.0
120,tket,50.0,3.0,rebase/qubits/i_17_num_qubits_3,56.0,40.0,8.0,64.0,-0.05583548545837402,8.0
121,qiskit,50.0,3.0,rebase/qubits/i_17_num_qubits_3,64.0,46.0,10.0,74.0,-0.018288850784301758,15.0
122,tpar,50.0,3.0,rebase/qubits/i_17_num_qubits_3,72.0,49.0,2.0,74.0,-0.07267618179321289,28.0
123,voqc,50.0,3.0,rebase/qubits/i_17_num_qubits_3,79.0,53.0,2.0,81.0,-0.10552668571472168,15.0
124,qfast,50.0,3.0,rebase/qubits/i_17_num_qubits_3,30.0,30.0,14.0,44.0,-0.4119105339050293,7.0
125,pyzx,50.0,3.0,rebase/qubits/i_17_num_qubits_3,35.0,30.0,2.0,37.0,-0.057183027267456055,13.0
126,default,50.0,3.0,rebase/qubits/i_18_num_qubits_3,61.0,45.0,13.0,74.0,-4.76837158203125e-07,11.0
127,tket,50.0,3.0,rebase/qubits/i_18_num_qubits_3,31.0,18.0,5.0,36.0,-0.0500640869140625,5.0
128,qiskit,50.0,3.0,rebase/qubits/i_18_num_qubits_3,61.0,45.0,13.0,74.0,-0.017188549041748047,11.0
129,tpar,50.0,3.0,rebase/qubits/i_18_num_qubits_3,46.0,32.0,5.0,51.0,-0.06687140464782715,13.0
130,voqc,50.0,3.0,rebase/qubits/i_18_num_qubits_3,59.0,33.0,5.0,64.0,-0.16660737991333008,5.0
131,qfast,50.0,3.0,rebase/qubits/i_18_num_qubits_3,25.0,30.0,20.0,45.0,-0.30637621879577637,7.0
132,pyzx,50.0,3.0,rebase/qubits/i_18_num_qubits_3,41.0,29.0,5.0,46.0,-0.05741620063781738,13.0
133,default,50.0,3.0,rebase/qubits/i_19_num_qubits_3,74.0,44.0,8.0,82.0,-4.76837158203125e-07,13.0
134,tket,50.0,3.0,rebase/qubits/i_19_num_qubits_3,40.0,23.0,8.0,48.0,-0.050316572189331055,6.0
135,qiskit,50.0,3.0,rebase/qubits/i_19_num_qubits_3,70.0,40.0,8.0,78.0,-0.017774105072021484,9.0
136,tpar,50.0,3.0,rebase/qubits/i_19_num_qubits_3,62.0,44.0,8.0,70.0,-0.07162165641784668,23.0
137,voqc,50.0,3.0,rebase/qubits/i_19_num_qubits_3,95.0,48.0,8.0,103.0,-0.17504215240478516,7.0
138,qfast,50.0,3.0,rebase/qubits/i_19_num_qubits_3,26.0,27.0,19.0,45.0,-0.4586067199707031,7.0
139,pyzx,50.0,3.0,rebase/qubits/i_19_num_qubits_3,47.0,38.0,8.0,55.0,-0.06168079376220703,10.0
140,default,50.0,4.0,rebase/qubits/i_0_num_qubits_4,60.0,36.0,14.0,74.0,-4.76837158203125e-07,11.0
141,tket,50.0,4.0,rebase/qubits/i_0_num_qubits_4,50.0,22.0,6.0,56.0,-0.053795814514160156,8.0
142,qiskit,50.0,4.0,rebase/qubits/i_0_num_qubits_4,60.0,36.0,14.0,74.0,-0.016565799713134766,11.0
143,tpar,50.0,4.0,rebase/qubits/i_0_num_qubits_4,76.0,49.0,6.0,82.0,-0.07505679130554199,32.0
144,voqc,50.0,4.0,rebase/qubits/i_0_num_qubits_4,83.0,46.0,6.0,89.0,-0.17216014862060547,9.0
145,qfast,50.0,4.0,rebase/qubits/i_0_num_qubits_4,48.0,69.0,58.0,106.0,-8.011027812957764,15.0
146,pyzx,50.0,4.0,rebase/qubits/i_0_num_qubits_4,70.0,36.0,6.0,76.0,-0.06511425971984863,18.0
147,default,50.0,4.0,rebase/qubits/i_1_num_qubits_4,67.0,37.0,7.0,74.0,-7.152557373046875e-07,20.0
148,tket,50.0,4.0,rebase/qubits/i_1_num_qubits_4,63.0,34.0,7.0,70.0,-0.05962085723876953,13.0
149,qiskit,50.0,4.0,rebase/qubits/i_1_num_qubits_4,67.0,37.0,7.0,74.0,-0.019897937774658203,20.0
150,tpar,50.0,4.0,rebase/qubits/i_1_num_qubits_4,85.0,65.0,7.0,92.0,-0.08149909973144531,48.0
151,voqc,50.0,4.0,rebase/qubits/i_1_num_qubits_4,91.0,48.0,7.0,98.0,-0.1137998104095459,20.0
152,qfast,50.0,4.0,rebase/qubits/i_1_num_qubits_4,70.0,87.0,78.0,148.0,-33.2729287147522,21.0
153,pyzx,50.0,4.0,rebase/qubits/i_1_num_qubits_4,67.0,52.0,7.0,74.0,-0.12862348556518555,22.0
154,default,50.0,4.0,rebase/qubits/i_2_num_qubits_4,74.0,33.0,10.0,84.0,-4.76837158203125e-07,10.0
155,tket,50.0,4.0,rebase/qubits/i_2_num_qubits_4,53.0,22.0,6.0,59.0,-0.05349230766296387,6.0
156,qiskit,50.0,4.0,rebase/qubits/i_2_num_qubits_4,72.0,32.0,10.0,82.0,-0.01853799819946289,8.0
157,tpar,50.0,4.0,rebase/qubits/i_2_num_qubits_4,67.0,37.0,6.0,73.0,-0.139617919921875,24.0
158,voqc,50.0,4.0,rebase/qubits/i_2_num_qubits_4,79.0,38.0,6.0,85.0,-0.10580015182495117,8.0
159,qfast,50.0,4.0,rebase/qubits/i_2_num_qubits_4,56.0,57.0,55.0,111.0,-6.875493288040161,16.0
160,pyzx,50.0,4.0,rebase/qubits/i_2_num_qubits_4,68.0,44.0,6.0,74.0,-0.06475329399108887,20.0
161,default,50.0,4.0,rebase/qubits/i_3_num_qubits_4,51.0,31.0,17.0,68.0,-7.152557373046875e-07,10.0
162,tket,50.0,4.0,rebase/qubits/i_3_num_qubits_4,31.0,16.0,7.0,38.0,-0.05379223823547363,8.0
163,qiskit,50.0,4.0,rebase/qubits/i_3_num_qubits_4,51.0,31.0,17.0,68.0,-0.016862869262695312,10.0
164,tpar,50.0,4.0,rebase/qubits/i_3_num_qubits_4,58.0,41.0,7.0,65.0,-0.07075285911560059,29.0
165,voqc,50.0,4.0,rebase/qubits/i_3_num_qubits_4,51.0,25.0,5.0,56.0,-0.10179281234741211,10.0
166,qfast,50.0,4.0,rebase/qubits/i_3_num_qubits_4,43.0,44.0,46.0,89.0,-6.2456395626068115,13.0
167,pyzx,50.0,4.0,rebase/qubits/i_3_num_qubits_4,51.0,37.0,5.0,56.0,-0.060530662536621094,16.0
168,default,50.0,4.0,rebase/qubits/i_4_num_qubits_4,57.0,35.0,11.0,68.0,-9.5367431640625e-07,16.0
169,tket,50.0,4.0,rebase/qubits/i_4_num_qubits_4,40.0,19.0,5.0,45.0,-0.05007195472717285,8.0
170,qiskit,50.0,4.0,rebase/qubits/i_4_num_qubits_4,53.0,28.0,11.0,64.0,-0.016916513442993164,12.0
171,tpar,50.0,4.0,rebase/qubits/i_4_num_qubits_4,56.0,34.0,5.0,61.0,-0.24472403526306152,24.0
172,voqc,50.0,4.0,rebase/qubits/i_4_num_qubits_4,66.0,34.0,5.0,71.0,-0.10845947265625,10.0
173,qfast,50.0,4.0,rebase/qubits/i_4_num_qubits_4,50.0,66.0,52.0,102.0,-5.848604440689087,15.0
174,pyzx,50.0,4.0,rebase/qubits/i_4_num_qubits_4,50.0,32.0,5.0,55.0,-0.06243443489074707,13.0
175,default,50.0,4.0,rebase/qubits/i_5_num_qubits_4,59.0,38.0,11.0,70.0,-4.76837158203125e-07,15.0
176,tket,50.0,4.0,rebase/qubits/i_5_num_qubits_4,39.0,29.0,7.0,46.0,-0.05266237258911133,10.0
177,qiskit,50.0,4.0,rebase/qubits/i_5_num_qubits_4,57.0,37.0,11.0,68.0,-0.017892837524414062,13.0
178,tpar,50.0,4.0,rebase/qubits/i_5_num_qubits_4,71.0,60.0,7.0,78.0,-0.07419800758361816,35.0
179,voqc,50.0,4.0,rebase/qubits/i_5_num_qubits_4,78.0,48.0,7.0,85.0,-0.10814929008483887,13.0
180,qfast,50.0,4.0,rebase/qubits/i_5_num_qubits_4,57.0,76.0,62.0,119.0,-14.364097833633423,17.0
181,pyzx,50.0,4.0,rebase/qubits/i_5_num_qubits_4,67.0,47.0,7.0,74.0,-0.06572556495666504,20.0
182,default,50.0,4.0,rebase/qubits/i_6_num_qubits_4,57.0,34.0,15.0,72.0,-4.76837158203125e-07,11.0
183,tket,50.0,4.0,rebase/qubits/i_6_num_qubits_4,32.0,27.0,5.0,37.0,-0.0497441291809082,10.0
184,qiskit,50.0,4.0,rebase/qubits/i_6_num_qubits_4,57.0,34.0,15.0,72.0,-0.016690492630004883,11.0
185,tpar,50.0,4.0,rebase/qubits/i_6_num_qubits_4,72.0,47.0,5.0,77.0,-0.07625079154968262,38.0
186,voqc,50.0,4.0,rebase/qubits/i_6_num_qubits_4,69.0,46.0,5.0,74.0,-0.10439515113830566,11.0
187,qfast,50.0,4.0,rebase/qubits/i_6_num_qubits_4,58.0,87.0,61.0,119.0,-7.42594575881958,17.0
188,pyzx,50.0,4.0,rebase/qubits/i_6_num_qubits_4,68.0,35.0,5.0,73.0,-0.06497693061828613,19.0
189,default,50.0,4.0,rebase/qubits/i_7_num_qubits_4,55.0,28.0,13.0,68.0,-7.152557373046875e-07,12.0
190,tket,50.0,4.0,rebase/qubits/i_7_num_qubits_4,53.0,29.0,5.0,58.0,-0.05188107490539551,6.0
191,qiskit,50.0,4.0,rebase/qubits/i_7_num_qubits_4,51.0,26.0,13.0,64.0,-0.01573467254638672,8.0
192,tpar,50.0,4.0,rebase/qubits/i_7_num_qubits_4,50.0,31.0,7.0,57.0,-0.06832575798034668,16.0
193,voqc,50.0,4.0,rebase/qubits/i_7_num_qubits_4,60.0,35.0,7.0,67.0,-0.10276055335998535,8.0
194,qfast,50.0,4.0,rebase/qubits/i_7_num_qubits_4,49.0,72.0,54.0,103.0,-6.587148904800415,15.0
195,pyzx,50.0,4.0,rebase/qubits/i_7_num_qubits_4,48.0,21.0,5.0,53.0,-0.06066584587097168,12.0
196,default,50.0,4.0,rebase/qubits/i_8_num_qubits_4,57.0,30.0,15.0,72.0,-4.76837158203125e-07,11.0
197,tket,50.0,4.0,rebase/qubits/i_8_num_qubits_4,40.0,23.0,9.0,49.0,-0.11645960807800293,10.0
198,qiskit,50.0,4.0,rebase/qubits/i_8_num_qubits_4,57.0,30.0,15.0,72.0,-0.01715373992919922,11.0
199,tpar,50.0,4.0,rebase/qubits/i_8_num_qubits_4,85.0,67.0,9.0,94.0,-0.0799260139465332,45.0
200,voqc,50.0,4.0,rebase/qubits/i_8_num_qubits_4,78.0,38.0,9.0,87.0,-0.10917186737060547,11.0
201,qfast,50.0,4.0,rebase/qubits/i_8_num_qubits_4,72.0,82.0,76.0,148.0,-22.178231477737427,21.0
202,pyzx,50.0,4.0,rebase/qubits/i_8_num_qubits_4,85.0,46.0,9.0,94.0,-0.06594657897949219,23.0
203,default,50.0,4.0,rebase/qubits/i_9_num_qubits_4,59.0,41.0,15.0,74.0,-4.76837158203125e-07,12.0
204,tket,50.0,4.0,rebase/qubits/i_9_num_qubits_4,46.0,30.0,5.0,51.0,-0.05057120323181152,8.0
205,qiskit,50.0,4.0,rebase/qubits/i_9_num_qubits_4,55.0,36.0,15.0,70.0,-0.01803135871887207,8.0
206,tpar,50.0,4.0,rebase/qubits/i_9_num_qubits_4,56.0,41.0,5.0,61.0,-0.07016873359680176,18.0
207,voqc,50.0,4.0,rebase/qubits/i_9_num_qubits_4,74.0,49.0,5.0,79.0,-0.1703505516052246,8.0
208,qfast,50.0,4.0,rebase/qubits/i_9_num_qubits_4,33.0,43.0,38.0,71.0,-2.934549570083618,10.0
209,pyzx,50.0,4.0,rebase/qubits/i_9_num_qubits_4,47.0,29.0,5.0,52.0,-0.06133079528808594,10.0
210,default,50.0,4.0,rebase/qubits/i_10_num_qubits_4,68.0,33.0,12.0,80.0,-4.76837158203125e-07,11.0
211,tket,50.0,4.0,rebase/qubits/i_10_num_qubits_4,45.0,23.0,8.0,53.0,-0.052370309829711914,10.0
212,qiskit,50.0,4.0,rebase/qubits/i_10_num_qubits_4,68.0,33.0,12.0,80.0,-0.018571853637695312,11.0
213,tpar,50.0,4.0,rebase/qubits/i_10_num_qubits_4,65.0,28.0,8.0,73.0,-0.07138276100158691,17.0
214,voqc,50.0,4.0,rebase/qubits/i_10_num_qubits_4,96.0,42.0,8.0,104.0,-0.17734575271606445,11.0
215,qfast,50.0,4.0,rebase/qubits/i_10_num_qubits_4,52.0,77.0,62.0,114.0,-10.122647523880005,16.0
216,pyzx,50.0,4.0,rebase/qubits/i_10_num_qubits_4,62.0,37.0,6.0,68.0,-0.06360363960266113,13.0
217,default,50.0,4.0,rebase/qubits/i_11_num_qubits_4,68.0,45.0,12.0,80.0,-7.152557373046875e-07,18.0
218,tket,50.0,4.0,rebase/qubits/i_11_num_qubits_4,61.0,37.0,10.0,71.0,-0.055117130279541016,14.0
219,qiskit,50.0,4.0,rebase/qubits/i_11_num_qubits_4,66.0,45.0,12.0,78.0,-0.02372884750366211,16.0
220,tpar,50.0,4.0,rebase/qubits/i_11_num_qubits_4,89.0,65.0,10.0,99.0,-0.08260989189147949,44.0
221,voqc,50.0,4.0,rebase/qubits/i_11_num_qubits_4,106.0,67.0,10.0,116.0,-0.1828629970550537,16.0
222,qfast,50.0,4.0,rebase/qubits/i_11_num_qubits_4,84.0,115.0,101.0,185.0,-43.439637184143066,27.0
223,pyzx,50.0,4.0,rebase/qubits/i_11_num_qubits_4,77.0,45.0,10.0,87.0,-0.1394352912902832,21.0
224,default,50.0,4.0,rebase/qubits/i_12_num_qubits_4,63.0,34.0,11.0,74.0,-4.76837158203125e-07,13.0
225,tket,50.0,4.0,rebase/qubits/i_12_num_qubits_4,45.0,24.0,7.0,52.0,-0.05267333984375,9.0
226,qiskit,50.0,4.0,rebase/qubits/i_12_num_qubits_4,63.0,34.0,11.0,74.0,-0.021854162216186523,13.0
227,tpar,50.0,4.0,rebase/qubits/i_12_num_qubits_4,74.0,58.0,9.0,83.0,-0.14457249641418457,41.0
228,voqc,50.0,4.0,rebase/qubits/i_12_num_qubits_4,80.0,41.0,9.0,89.0,-0.11088895797729492,13.0
229,qfast,50.0,4.0,rebase/qubits/i_12_num_qubits_4,41.0,44.0,34.0,75.0,-4.317991018295288,11.0
230,pyzx,50.0,4.0,rebase/qubits/i_12_num_qubits_4,63.0,38.0,5.0,68.0,-0.13199925422668457,17.0
231,default,50.0,4.0,rebase/qubits/i_13_num_qubits_4,69.0,34.0,7.0,76.0,-4.76837158203125e-07,17.0
232,tket,50.0,4.0,rebase/qubits/i_13_num_qubits_4,54.0,32.0,5.0,59.0,-0.05373740196228027,14.0
233,qiskit,50.0,4.0,rebase/qubits/i_13_num_qubits_4,69.0,34.0,7.0,76.0,-0.019128084182739258,17.0
234,tpar,50.0,4.0,rebase/qubits/i_13_num_qubits_4,84.0,57.0,5.0,89.0,-0.1478900909423828,41.0
235,voqc,50.0,4.0,rebase/qubits/i_13_num_qubits_4,84.0,47.0,5.0,89.0,-0.1108083724975586,15.0
236,qfast,50.0,4.0,rebase/qubits/i_13_num_qubits_4,74.0,104.0,88.0,162.0,-28.164264678955078,23.0
237,pyzx,50.0,4.0,rebase/qubits/i_13_num_qubits_4,76.0,50.0,5.0,81.0,-0.06595945358276367,22.0
238,default,50.0,4.0,rebase/qubits/i_14_num_qubits_4,63.0,39.0,13.0,76.0,-7.152557373046875e-07,15.0
239,tket,50.0,4.0,rebase/qubits/i_14_num_qubits_4,61.0,36.0,9.0,70.0,-0.054976701736450195,12.0
240,qiskit,50.0,4.0,rebase/qubits/i_14_num_qubits_4,61.0,39.0,13.0,74.0,-0.023120880126953125,13.0
241,tpar,50.0,4.0,rebase/qubits/i_14_num_qubits_4,79.0,59.0,9.0,88.0,-0.07911062240600586,34.0
242,voqc,50.0,4.0,rebase/qubits/i_14_num_qubits_4,98.0,58.0,9.0,107.0,-0.11672186851501465,13.0
243,qfast,50.0,4.0,rebase/qubits/i_14_num_qubits_4,48.0,57.0,43.0,91.0,-4.6316633224487305,13.0
244,pyzx,50.0,4.0,rebase/qubits/i_14_num_qubits_4,86.0,54.0,9.0,95.0,-0.07498002052307129,25.0
245,default,50.0,4.0,rebase/qubits/i_15_num_qubits_4,57.0,33.0,15.0,72.0,-7.152557373046875e-07,9.0
246,tket,50.0,4.0,rebase/qubits/i_15_num_qubits_4,35.0,21.0,9.0,44.0,-0.04966616630554199,6.0
247,qiskit,50.0,4.0,rebase/qubits/i_15_num_qubits_4,55.0,31.0,15.0,70.0,-0.016711711883544922,7.0
248,tpar,50.0,4.0,rebase/qubits/i_15_num_qubits_4,64.0,37.0,9.0,73.0,-0.07224631309509277,25.0
249,voqc,50.0,4.0,rebase/qubits/i_15_num_qubits_4,69.0,35.0,9.0,78.0,-0.10461997985839844,7.0
250,qfast,50.0,4.0,rebase/qubits/i_15_num_qubits_4,38.0,38.0,41.0,79.0,-9.385805130004883,11.0
251,pyzx,50.0,4.0,rebase/qubits/i_15_num_qubits_4,69.0,41.0,9.0,78.0,-0.0643777847290039,17.0
252,default,50.0,4.0,rebase/qubits/i_16_num_qubits_4,70.0,29.0,10.0,80.0,-7.152557373046875e-07,10.0
253,tket,50.0,4.0,rebase/qubits/i_16_num_qubits_4,56.0,28.0,4.0,60.0,-0.11341595649719238,8.0
254,qiskit,50.0,4.0,rebase/qubits/i_16_num_qubits_4,70.0,29.0,10.0,80.0,-0.019435882568359375,10.0
255,tpar,50.0,4.0,rebase/qubits/i_16_num_qubits_4,75.0,40.0,4.0,79.0,-0.07530522346496582,24.0
256,voqc,50.0,4.0,rebase/qubits/i_16_num_qubits_4,103.0,42.0,4.0,107.0,-0.11249375343322754,10.0
257,qfast,50.0,4.0,rebase/qubits/i_16_num_qubits_4,95.0,107.0,107.0,202.0,-50.99394679069519,29.0
258,pyzx,50.0,4.0,rebase/qubits/i_16_num_qubits_4,64.0,41.0,4.0,68.0,-0.06547212600708008,18.0
259,default,50.0,4.0,rebase/qubits/i_17_num_qubits_4,64.0,37.0,12.0,76.0,-9.5367431640625e-07,11.0
260,tket,50.0,4.0,rebase/qubits/i_17_num_qubits_4,43.0,27.0,11.0,54.0,-0.051973819732666016,8.0
261,qiskit,50.0,4.0,rebase/qubits/i_17_num_qubits_4,62.0,35.0,12.0,74.0,-0.01885080337524414,9.0
262,tpar,50.0,4.0,rebase/qubits/i_17_num_qubits_4,74.0,48.0,10.0,84.0,-0.0761253833770752,26.0
263,voqc,50.0,4.0,rebase/qubits/i_17_num_qubits_4,88.0,50.0,10.0,98.0,-0.17832183837890625,9.0
264,qfast,50.0,4.0,rebase/qubits/i_17_num_qubits_4,51.0,59.0,58.0,109.0,-11.451590061187744,16.0
265,pyzx,50.0,4.0,rebase/qubits/i_17_num_qubits_4,71.0,52.0,10.0,81.0,-0.0718686580657959,20.0
266,default,50.0,4.0,rebase/qubits/i_18_num_qubits_4,60.0,36.0,12.0,72.0,-4.76837158203125e-07,16.0
267,tket,50.0,4.0,rebase/qubits/i_18_num_qubits_4,40.0,28.0,6.0,46.0,-0.05110311508178711,10.0
268,qiskit,50.0,4.0,rebase/qubits/i_18_num_qubits_4,58.0,28.0,12.0,70.0,-0.018764019012451172,14.0
269,tpar,50.0,4.0,rebase/qubits/i_18_num_qubits_4,65.0,39.0,6.0,71.0,-0.07245039939880371,27.0
270,voqc,50.0,4.0,rebase/qubits/i_18_num_qubits_4,69.0,41.0,6.0,75.0,-0.17317986488342285,14.0
271,qfast,50.0,4.0,rebase/qubits/i_18_num_qubits_4,89.0,120.0,110.0,199.0,-68.2089593410492,29.0
272,pyzx,50.0,4.0,rebase/qubits/i_18_num_qubits_4,68.0,45.0,6.0,74.0,-0.06872296333312988,23.0
273,default,50.0,4.0,rebase/qubits/i_19_num_qubits_4,59.0,48.0,15.0,74.0,-4.76837158203125e-07,18.0
274,tket,50.0,4.0,rebase/qubits/i_19_num_qubits_4,53.0,36.0,9.0,62.0,-0.052580833435058594,16.0
275,qiskit,50.0,4.0,rebase/qubits/i_19_num_qubits_4,57.0,43.0,15.0,72.0,-0.019231557846069336,16.0
276,tpar,50.0,4.0,rebase/qubits/i_19_num_qubits_4,93.0,70.0,9.0,102.0,-0.14814376831054688,56.0
277,voqc,50.0,4.0,rebase/qubits/i_19_num_qubits_4,91.0,64.0,9.0,100.0,-0.11378145217895508,16.0
278,qfast,50.0,4.0,rebase/qubits/i_19_num_qubits_4,90.0,136.0,110.0,200.0,-57.41050982475281,29.0
279,pyzx,50.0,4.0,rebase/qubits/i_19_num_qubits_4,78.0,44.0,9.0,87.0,-0.07292985916137695,25.0
280,default,50.0,5.0,rebase/qubits/i_0_num_qubits_5,62.0,30.0,14.0,76.0,-4.76837158203125e-07,11.0
281,tket,50.0,5.0,rebase/qubits/i_0_num_qubits_5,42.0,18.0,6.0,48.0,-0.05163884162902832,9.0
282,qiskit,50.0,5.0,rebase/qubits/i_0_num_qubits_5,62.0,30.0,14.0,76.0,-0.01814723014831543,11.0
283,tpar,50.0,5.0,rebase/qubits/i_0_num_qubits_5,83.0,48.0,6.0,89.0,-0.07967305183410645,43.0
284,voqc,50.0,5.0,rebase/qubits/i_0_num_qubits_5,73.0,43.0,6.0,79.0,-0.10798931121826172,11.0
285,qfast,50.0,5.0,rebase/qubits/i_0_num_qubits_5,92.0,111.0,102.0,194.0,-158.66680359840393,28.0
286,pyzx,50.0,5.0,rebase/qubits/i_0_num_qubits_5,70.0,48.0,6.0,76.0,-0.06767749786376953,20.0
287,default,50.0,5.0,rebase/qubits/i_1_num_qubits_5,66.0,27.0,14.0,80.0,-7.152557373046875e-07,9.0
288,tket,50.0,5.0,rebase/qubits/i_1_num_qubits_5,40.0,18.0,6.0,46.0,-0.049279212951660156,5.0
289,qiskit,50.0,5.0,rebase/qubits/i_1_num_qubits_5,64.0,24.0,14.0,78.0,-0.016628503799438477,7.0
290,tpar,50.0,5.0,rebase/qubits/i_1_num_qubits_5,54.0,32.0,6.0,60.0,-0.06892800331115723,15.0
291,voqc,50.0,5.0,rebase/qubits/i_1_num_qubits_5,84.0,31.0,6.0,90.0,-0.1057274341583252,5.0
292,qfast,50.0,5.0,rebase/qubits/i_1_num_qubits_5,54.0,60.0,64.0,118.0,-22.063254356384277,17.0
293,pyzx,50.0,5.0,rebase/qubits/i_1_num_qubits_5,56.0,27.0,6.0,62.0,-0.05873298645019531,10.0
294,default,50.0,5.0,rebase/qubits/i_2_num_qubits_5,71.0,28.0,13.0,84.0,-9.5367431640625e-07,10.0
295,tket,50.0,5.0,rebase/qubits/i_2_num_qubits_5,52.0,24.0,11.0,63.0,-0.11818695068359375,7.0
296,qiskit,50.0,5.0,rebase/qubits/i_2_num_qubits_5,69.0,28.0,13.0,82.0,-0.017656326293945312,8.0
297,tpar,50.0,5.0,rebase/qubits/i_2_num_qubits_5,74.0,41.0,11.0,85.0,-0.07484126091003418,22.0
298,voqc,50.0,5.0,rebase/qubits/i_2_num_qubits_5,96.0,38.0,11.0,107.0,-0.11049938201904297,8.0
299,qfast,50.0,5.0,rebase/qubits/i_2_num_qubits_5,72.0,83.0,78.0,150.0,-97.42848372459412,21.0
300,pyzx,50.0,5.0,rebase/qubits/i_2_num_qubits_5,66.0,35.0,11.0,77.0,-0.061934709548950195,16.0
301,default,50.0,5.0,rebase/qubits/i_3_num_qubits_5,62.0,35.0,14.0,76.0,-7.152557373046875e-07,11.0
302,tket,50.0,5.0,rebase/qubits/i_3_num_qubits_5,39.0,24.0,6.0,45.0,-0.05259394645690918,6.0
303,qiskit,50.0,5.0,rebase/qubits/i_3_num_qubits_5,62.0,35.0,14.0,76.0,-0.0174257755279541,11.0
304,tpar,50.0,5.0,rebase/qubits/i_3_num_qubits_5,61.0,36.0,6.0,67.0,-0.07150125503540039,18.0
305,voqc,50.0,5.0,rebase/qubits/i_3_num_qubits_5,60.0,34.0,6.0,66.0,-0.17012691497802734,9.0
306,qfast,50.0,5.0,rebase/qubits/i_3_num_qubits_5,88.0,93.0,110.0,198.0,-280.56718587875366,28.0
307,pyzx,50.0,5.0,rebase/qubits/i_3_num_qubits_5,74.0,39.0,6.0,80.0,-0.06658244132995605,26.0
308,default,50.0,5.0,rebase/qubits/i_4_num_qubits_5,68.0,27.0,10.0,78.0,-4.76837158203125e-07,11.0
309,tket,50.0,5.0,rebase/qubits/i_4_num_qubits_5,43.0,16.0,4.0,47.0,-0.05164790153503418,10.0
310,qiskit,50.0,5.0,rebase/qubits/i_4_num_qubits_5,68.0,27.0,10.0,78.0,-0.016768217086791992,11.0
311,tpar,50.0,5.0,rebase/qubits/i_4_num_qubits_5,70.0,37.0,4.0,74.0,-0.07369375228881836,24.0
312,voqc,50.0,5.0,rebase/qubits/i_4_num_qubits_5,91.0,43.0,4.0,95.0,-0.1065676212310791,11.0
313,qfast,50.0,5.0,rebase/qubits/i_4_num_qubits_5,88.0,117.0,100.0,188.0,-221.08225393295288,26.0
314,pyzx,50.0,5.0,rebase/qubits/i_4_num_qubits_5,85.0,48.0,4.0,89.0,-0.12892746925354004,25.0
315,default,50.0,5.0,rebase/qubits/i_5_num_qubits_5,75.0,29.0,9.0,84.0,-4.76837158203125e-07,11.0
316,tket,50.0,5.0,rebase/qubits/i_5_num_qubits_5,56.0,24.0,9.0,65.0,-0.054167985916137695,10.0
317,qiskit,50.0,5.0,rebase/qubits/i_5_num_qubits_5,75.0,29.0,9.0,84.0,-0.020666837692260742,11.0
318,tpar,50.0,5.0,rebase/qubits/i_5_num_qubits_5,77.0,38.0,9.0,86.0,-0.14815449714660645,23.0
319,voqc,50.0,5.0,rebase/qubits/i_5_num_qubits_5,103.0,44.0,9.0,112.0,-0.11488485336303711,11.0
320,qfast,50.0,5.0,rebase/qubits/i_5_num_qubits_5,108.0,124.0,129.0,237.0,-330.41734552383423,34.0
321,pyzx,50.0,5.0,rebase/qubits/i_5_num_qubits_5,94.0,65.0,9.0,103.0,-0.07193207740783691,26.0
322,default,50.0,5.0,rebase/qubits/i_6_num_qubits_5,81.0,27.0,9.0,90.0,-7.152557373046875e-07,9.0
323,tket,50.0,5.0,rebase/qubits/i_6_num_qubits_5,60.0,26.0,3.0,63.0,-0.05429720878601074,8.0
324,qiskit,50.0,5.0,rebase/qubits/i_6_num_qubits_5,81.0,27.0,9.0,90.0,-0.022765636444091797,9.0
325,tpar,50.0,5.0,rebase/qubits/i_6_num_qubits_5,86.0,35.0,3.0,89.0,-0.07588315010070801,23.0
326,voqc,50.0,5.0,rebase/qubits/i_6_num_qubits_5,110.0,37.0,3.0,113.0,-0.1136631965637207,9.0
327,qfast,50.0,5.0,rebase/qubits/i_6_num_qubits_5,67.0,82.0,83.0,150.0,-121.6398994922638,21.0
328,pyzx,50.0,5.0,rebase/qubits/i_6_num_qubits_5,43.0,23.0,3.0,46.0,-0.06209707260131836,9.0
329,default,50.0,5.0,rebase/qubits/i_7_num_qubits_5,55.0,26.0,13.0,68.0,-7.152557373046875e-07,13.0
330,tket,50.0,5.0,rebase/qubits/i_7_num_qubits_5,50.0,24.0,9.0,59.0,-0.05191397666931152,13.0
331,qiskit,50.0,5.0,rebase/qubits/i_7_num_qubits_5,55.0,26.0,13.0,68.0,-0.018563508987426758,13.0
332,tpar,50.0,5.0,rebase/qubits/i_7_num_qubits_5,88.0,57.0,11.0,99.0,-0.08258390426635742,54.0
333,voqc,50.0,5.0,rebase/qubits/i_7_num_qubits_5,71.0,36.0,11.0,82.0,-0.17540550231933594,13.0
334,qfast,50.0,5.0,rebase/qubits/i_7_num_qubits_5,110.0,110.0,122.0,232.0,-298.65440821647644,33.0
335,pyzx,50.0,5.0,rebase/qubits/i_7_num_qubits_5,100.0,52.0,9.0,109.0,-0.07187557220458984,29.0
336,default,50.0,5.0,rebase/qubits/i_8_num_qubits_5,50.0,22.0,18.0,68.0,-4.76837158203125e-07,11.0
337,tket,50.0,5.0,rebase/qubits/i_8_num_qubits_5,37.0,18.0,6.0,43.0,-0.052414894104003906,9.0
338,qiskit,50.0,5.0,rebase/qubits/i_8_num_qubits_5,50.0,22.0,18.0,68.0,-0.016915559768676758,11.0
339,tpar,50.0,5.0,rebase/qubits/i_8_num_qubits_5,98.0,71.0,6.0,104.0,-0.08313918113708496,66.0
340,voqc,50.0,5.0,rebase/qubits/i_8_num_qubits_5,74.0,30.0,6.0,80.0,-0.10699129104614258,11.0
341,qfast,50.0,5.0,rebase/qubits/i_8_num_qubits_5,117.0,136.0,128.0,245.0,-319.90445613861084,35.0
342,pyzx,50.0,5.0,rebase/qubits/i_8_num_qubits_5,70.0,33.0,6.0,76.0,-0.06651902198791504,20.0
343,default,50.0,5.0,rebase/qubits/i_9_num_qubits_5,62.0,32.0,14.0,76.0,-4.76837158203125e-07,12.0
344,tket,50.0,5.0,rebase/qubits/i_9_num_qubits_5,44.0,26.0,8.0,52.0,-0.052336931228637695,7.0
345,qiskit,50.0,5.0,rebase/qubits/i_9_num_qubits_5,62.0,32.0,14.0,76.0,-0.018332481384277344,12.0
346,tpar,50.0,5.0,rebase/qubits/i_9_num_qubits_5,72.0,37.0,8.0,80.0,-0.0753469467163086,29.0
347,voqc,50.0,5.0,rebase/qubits/i_9_num_qubits_5,83.0,39.0,8.0,91.0,-0.10976338386535645,10.0
348,qfast,50.0,5.0,rebase/qubits/i_9_num_qubits_5,91.0,110.0,107.0,198.0,-164.39008808135986,28.0
349,pyzx,50.0,5.0,rebase/qubits/i_9_num_qubits_5,65.0,34.0,8.0,73.0,-0.06581330299377441,18.0
350,default,50.0,5.0,rebase/qubits/i_10_num_qubits_5,55.0,27.0,13.0,68.0,-7.152557373046875e-07,11.0
351,tket,50.0,5.0,rebase/qubits/i_10_num_qubits_5,49.0,26.0,7.0,56.0,-0.052024126052856445,8.0
352,qiskit,50.0,5.0,rebase/qubits/i_10_num_qubits_5,53.0,27.0,13.0,66.0,-0.01611804962158203,9.0
353,tpar,50.0,5.0,rebase/qubits/i_10_num_qubits_5,64.0,41.0,7.0,71.0,-0.07294702529907227,29.0
354,voqc,50.0,5.0,rebase/qubits/i_10_num_qubits_5,62.0,38.0,7.0,69.0,-0.10384798049926758,9.0
355,qfast,50.0,5.0,rebase/qubits/i_10_num_qubits_5,56.0,72.0,66.0,122.0,-43.56940531730652,17.0
356,pyzx,50.0,5.0,rebase/qubits/i_10_num_qubits_5,70.0,44.0,7.0,77.0,-0.06218147277832031,21.0
357,default,50.0,5.0,rebase/qubits/i_11_num_qubits_5,70.0,29.0,10.0,80.0,-7.152557373046875e-07,13.0
358,tket,50.0,5.0,rebase/qubits/i_11_num_qubits_5,50.0,23.0,6.0,56.0,-0.11177301406860352,11.0
359,qiskit,50.0,5.0,rebase/qubits/i_11_num_qubits_5,70.0,29.0,10.0,80.0,-0.020168066024780273,13.0
360,tpar,50.0,5.0,rebase/qubits/i_11_num_qubits_5,100.0,52.0,6.0,106.0,-0.08330202102661133,54.0
361,voqc,50.0,5.0,rebase/qubits/i_11_num_qubits_5,83.0,32.0,6.0,89.0,-0.11042284965515137,13.0
362,qfast,50.0,5.0,rebase/qubits/i_11_num_qubits_5,133.0,140.0,152.0,285.0,-623.1372928619385,41.0
363,pyzx,50.0,5.0,rebase/qubits/i_11_num_qubits_5,92.0,55.0,6.0,98.0,-0.07044291496276855,26.0
364,default,50.0,5.0,rebase/qubits/i_12_num_qubits_5,67.0,36.0,11.0,78.0,-4.76837158203125e-07,20.0
365,tket,50.0,5.0,rebase/qubits/i_12_num_qubits_5,57.0,30.0,5.0,62.0,-0.05642294883728027,17.0
366,qiskit,50.0,5.0,rebase/qubits/i_12_num_qubits_5,67.0,36.0,11.0,78.0,-0.021298885345458984,20.0
367,tpar,50.0,5.0,rebase/qubits/i_12_num_qubits_5,85.0,52.0,5.0,90.0,-0.08099699020385742,44.0
368,voqc,50.0,5.0,rebase/qubits/i_12_num_qubits_5,100.0,51.0,5.0,105.0,-0.18485713005065918,20.0
369,qfast,50.0,5.0,rebase/qubits/i_12_num_qubits_5,65.0,81.0,68.0,133.0,-51.305499792099,19.0
370,pyzx,50.0,5.0,rebase/qubits/i_12_num_qubits_5,78.0,44.0,5.0,83.0,-0.06869029998779297,22.0
371,default,50.0,5.0,rebase/qubits/i_13_num_qubits_5,57.0,24.0,17.0,74.0,-4.76837158203125e-07,11.0
372,tket,50.0,5.0,rebase/qubits/i_13_num_qubits_5,52.0,25.0,11.0,63.0,-0.05320429801940918,8.0
373,qiskit,50.0,5.0,rebase/qubits/i_13_num_qubits_5,57.0,24.0,17.0,74.0,-0.017566204071044922,11.0
374,tpar,50.0,5.0,rebase/qubits/i_13_num_qubits_5,62.0,35.0,9.0,71.0,-0.07454061508178711,31.0
375,voqc,50.0,5.0,rebase/qubits/i_13_num_qubits_5,62.0,27.0,9.0,71.0,-0.10460996627807617,11.0
376,qfast,50.0,5.0,rebase/qubits/i_13_num_qubits_5,78.0,109.0,88.0,166.0,-46.71247673034668,24.0
377,pyzx,50.0,5.0,rebase/qubits/i_13_num_qubits_5,64.0,36.0,9.0,73.0,-0.12834692001342773,16.0
378,default,50.0,5.0,rebase/qubits/i_14_num_qubits_5,80.0,29.0,10.0,90.0,-4.76837158203125e-07,8.0
379,tket,50.0,5.0,rebase/qubits/i_14_num_qubits_5,36.0,15.0,6.0,42.0,-0.04950594902038574,6.0
380,qiskit,50.0,5.0,rebase/qubits/i_14_num_qubits_5,78.0,27.0,10.0,88.0,-0.019643545150756836,6.0
381,tpar,50.0,5.0,rebase/qubits/i_14_num_qubits_5,76.0,40.0,8.0,84.0,-0.1469111442565918,25.0
382,voqc,50.0,5.0,rebase/qubits/i_14_num_qubits_5,104.0,36.0,8.0,112.0,-0.11022305488586426,6.0
383,qfast,50.0,5.0,rebase/qubits/i_14_num_qubits_5,39.0,39.0,39.0,78.0,-7.823322296142578,11.0
384,pyzx,50.0,5.0,rebase/qubits/i_14_num_qubits_5,44.0,17.0,6.0,50.0,-0.06076478958129883,11.0
385,default,50.0,5.0,rebase/qubits/i_15_num_qubits_5,57.0,23.0,15.0,72.0,-4.76837158203125e-07,9.0
386,tket,50.0,5.0,rebase/qubits/i_15_num_qubits_5,43.0,23.0,9.0,52.0,-0.05216693878173828,6.0
387,qiskit,50.0,5.0,rebase/qubits/i_15_num_qubits_5,57.0,23.0,15.0,72.0,-0.016949176788330078,9.0
388,tpar,50.0,5.0,rebase/qubits/i_15_num_qubits_5,51.0,21.0,9.0,60.0,-0.0691518783569336,15.0
389,voqc,50.0,5.0,rebase/qubits/i_15_num_qubits_5,70.0,28.0,9.0,79.0,-0.10595417022705078,9.0
390,qfast,50.0,5.0,rebase/qubits/i_15_num_qubits_5,76.0,93.0,69.0,145.0,-21.76930332183838,21.0
391,pyzx,50.0,5.0,rebase/qubits/i_15_num_qubits_5,67.0,36.0,9.0,76.0,-0.06649303436279297,12.0
392,default,50.0,5.0,rebase/qubits/i_16_num_qubits_5,67.0,30.0,17.0,84.0,-4.76837158203125e-07,6.0
393,tket,50.0,5.0,rebase/qubits/i_16_num_qubits_5,36.0,23.0,7.0,43.0,-0.04998636245727539,5.0
394,qiskit,50.0,5.0,rebase/qubits/i_16_num_qubits_5,67.0,30.0,17.0,84.0,-0.01705169677734375,6.0
395,tpar,50.0,5.0,rebase/qubits/i_16_num_qubits_5,57.0,33.0,7.0,64.0,-0.06920886039733887,12.0
396,voqc,50.0,5.0,rebase/qubits/i_16_num_qubits_5,93.0,45.0,7.0,100.0,-0.10855984687805176,6.0
397,qfast,50.0,5.0,rebase/qubits/i_16_num_qubits_5,100.0,86.0,109.0,209.0,-145.50727009773254,30.0
398,pyzx,50.0,5.0,rebase/qubits/i_16_num_qubits_5,54.0,31.0,5.0,59.0,-0.06124258041381836,11.0
399,default,50.0,5.0,rebase/qubits/i_17_num_qubits_5,56.0,27.0,20.0,76.0,-4.76837158203125e-07,8.0
400,tket,50.0,5.0,rebase/qubits/i_17_num_qubits_5,32.0,17.0,8.0,40.0,-0.10348010063171387,8.0
401,qiskit,50.0,5.0,rebase/qubits/i_17_num_qubits_5,56.0,27.0,20.0,76.0,-0.01692676544189453,8.0
402,tpar,50.0,5.0,rebase/qubits/i_17_num_qubits_5,72.0,42.0,8.0,80.0,-0.07355284690856934,32.0
403,voqc,50.0,5.0,rebase/qubits/i_17_num_qubits_5,82.0,36.0,8.0,90.0,-0.10716509819030762,8.0
404,qfast,50.0,5.0,rebase/qubits/i_17_num_qubits_5,76.0,98.0,84.0,160.0,-60.18751502037048,23.0
405,pyzx,50.0,5.0,rebase/qubits/i_17_num_qubits_5,53.0,34.0,8.0,61.0,-0.0613100528717041,16.0
406,default,50.0,5.0,rebase/qubits/i_18_num_qubits_5,79.0,29.0,7.0,86.0,-4.76837158203125e-07,15.0
407,tket,50.0,5.0,rebase/qubits/i_18_num_qubits_5,47.0,29.0,5.0,52.0,-0.053992271423339844,11.0
408,qiskit,50.0,5.0,rebase/qubits/i_18_num_qubits_5,77.0,27.0,7.0,84.0,-0.021069765090942383,13.0
409,tpar,50.0,5.0,rebase/qubits/i_18_num_qubits_5,76.0,33.0,5.0,81.0,-0.07535791397094727,20.0
410,voqc,50.0,5.0,rebase/qubits/i_18_num_qubits_5,102.0,45.0,5.0,107.0,-0.17778301239013672,13.0
411,qfast,50.0,5.0,rebase/qubits/i_18_num_qubits_5,83.0,108.0,90.0,173.0,-63.21926832199097,25.0
412,pyzx,50.0,5.0,rebase/qubits/i_18_num_qubits_5,74.0,41.0,5.0,79.0,-0.06659388542175293,23.0
413,default,50.0,5.0,rebase/qubits/i_19_num_qubits_5,74.0,31.0,10.0,84.0,-7.152557373046875e-07,12.0
414,tket,50.0,5.0,rebase/qubits/i_19_num_qubits_5,39.0,19.0,2.0,41.0,-0.052538394927978516,10.0
415,qiskit,50.0,5.0,rebase/qubits/i_19_num_qubits_5,74.0,31.0,10.0,84.0,-0.018830537796020508,12.0
416,tpar,50.0,5.0,rebase/qubits/i_19_num_qubits_5,78.0,51.0,2.0,80.0,-0.07802653312683105,46.0
417,voqc,50.0,5.0,rebase/qubits/i_19_num_qubits_5,71.0,38.0,2.0,73.0,-0.17347478866577148,12.0
418,qfast,50.0,5.0,rebase/qubits/i_19_num_qubits_5,82.0,76.0,79.0,161.0,-131.41509819030762,23.0
419,pyzx,50.0,5.0,rebase/qubits/i_19_num_qubits_5,78.0,34.0,2.0,80.0,-0.0644383430480957,20.0
